{
  "train_loss": [
    3.8517053165518065,
    3.8090274000671425,
    3.796599331310635,
    3.7917417355029155,
    3.787463918229432,
    3.786174414091551,
    3.7820018210262836,
    3.780377238119143,
    3.779332927768826,
    3.775738253856581,
    3.773516461637498,
    3.7691680785571644,
    3.7692991875119812,
    3.766952968101212,
    3.7646481179347018,
    3.7626958063807354,
    3.7620205068240717,
    3.7555586350455306,
    3.7493602592675934,
    3.7406581184861563,
    3.7314620751808323,
    3.717321949737086,
    3.7084407653266718,
    3.6933234674881277,
    3.6800287231951443,
    3.666986783920043,
    3.6536799687174626,
    3.637161333398168,
    3.6186894423759854,
    3.600502690690163,
    3.578486762436199,
    3.5518452135594174,
    3.5322101847855585,
    3.5027377304285388,
    3.4814294795275056,
    3.464956676429818,
    3.4390753833342926,
    3.424646963861112,
    3.4059775750941683,
    3.385103088182015,
    3.3669019484686635,
    3.348381528041555,
    3.3336128725956615,
    3.314579321085192,
    3.296317300451807,
    3.2794655641629267,
    3.2617506452850087,
    3.2447963189319826,
    3.220819956111213,
    3.2073956361895744,
    3.1848563860981622,
    3.1636941864680947,
    3.146190146606947,
    3.1254822399225084,
    3.1091727805389424,
    3.0841976240456823,
    3.06937398714766,
    3.0578595393792374,
    3.0364383319189163,
    3.0114558371408133,
    2.9970305792831087,
    2.9771865438957503,
    2.951641879719353,
    2.9339036634346747,
    2.909989132371205,
    2.8890372902017503,
    2.8739035201679113,
    2.8591899385130266,
    2.8316455378554397,
    2.8122605416066553,
    2.7931589571861895,
    2.7725203403099545,
    2.7470892353460723,
    2.728579567976337,
    2.709618506437963,
    2.682747324573733,
    2.6684222844390666,
    2.6462528294792103,
    2.6278744794243276,
    2.6076543097089626,
    2.59445749673215,
    2.580940656450627,
    2.564443105220724,
    2.544951824309942,
    2.5282816731928004,
    2.5192692641539534,
    2.508778578153806,
    2.4996818223596065,
    2.4832266357387263,
    2.4750021280143724,
    2.461604714397162,
    2.462301370151763,
    2.4514419980441358,
    2.4481657891796225,
    2.4416252852585565,
    2.434253819152285,
    2.4304891081805318,
    2.4320127047652664,
    2.427395726576565,
    2.4140948950171595
  ],
  "train_acc": [
    0.08731221181020378,
    0.09689126877881898,
    0.09712925777182806,
    0.09704001189944965,
    0.09781347612672914,
    0.09876543209876543,
    0.0995091477019188,
    0.09992562843968467,
    0.09956864495017105,
    0.10123456790123457,
    0.09980663394318012,
    0.10174029451137885,
    0.1023947642421538,
    0.10263275323516287,
    0.10373345232782984,
    0.10295998810055035,
    0.10403093856909118,
    0.10406068719321732,
    0.10322772571768556,
    0.10450691655510932,
    0.10566711289602856,
    0.10697605235757847,
    0.11027814963557936,
    0.11161683772125539,
    0.11352074966532798,
    0.1141454707719768,
    0.11753681392235608,
    0.11985720660419455,
    0.12101740294511379,
    0.1239922653577272,
    0.12544994793990777,
    0.13089394615499034,
    0.13300609846794587,
    0.13624869849769447,
    0.1380038673211364,
    0.14377510040160643,
    0.14413208389112003,
    0.14677971143834598,
    0.1483563885170311,
    0.15362189498735684,
    0.15615052803807825,
    0.1576677078685111,
    0.16215975011155734,
    0.1623679904804403,
    0.16802022906440578,
    0.17093559422876692,
    0.17411869701026328,
    0.1786702365015618,
    0.18384649709950915,
    0.1826863007585899,
    0.18456046407853638,
    0.19196787148594377,
    0.19610293023947642,
    0.198006842183549,
    0.2013089394615499,
    0.20687193217313699,
    0.21050126431652535,
    0.2120184441469582,
    0.21790867172393277,
    0.2232634240666369,
    0.22192473598096088,
    0.22838018741633198,
    0.23239625167336012,
    0.2334374535177748,
    0.24328424810352522,
    0.242570281124498,
    0.24685408299866132,
    0.25149486836233825,
    0.2558976647330061,
    0.2597352372452774,
    0.2625911051613863,
    0.26544697307749515,
    0.2713669492785959,
    0.27692994199018295,
    0.28076751450245424,
    0.28180871634686894,
    0.28713372006544696,
    0.2928752045217909,
    0.29513609995537704,
    0.2968317715305667,
    0.2996876394466756,
    0.3058158560166592,
    0.309980663394318,
    0.31227130745203036,
    0.3166443551985721,
    0.3220883534136546,
    0.3249739699538896,
    0.3246764837126283,
    0.3258664286776737,
    0.33110218652387324,
    0.32925777182805294,
    0.33553473151866725,
    0.3357429718875502,
    0.33440428380187415,
    0.3355942287669195,
    0.3368734196043433,
    0.33788487282463187,
    0.3357429718875502,
    0.34222817194704747,
    0.3404730031236055
  ],
  "val_loss": [
    3.7963529567467487,
    3.784196824451715,
    3.7833663281205054,
    3.7723936166996395,
    3.7769759331363115,
    3.7687980622171433,
    3.770754655368248,
    3.773638239279405,
    3.7620422982063877,
    3.761008615406117,
    3.7610706317790843,
    3.779980898052859,
    3.7549462579400847,
    3.765781878727773,
    3.750161366844217,
    3.7495858730541682,
    3.7394078570764946,
    3.759615478671018,
    3.7384762770451756,
    3.7374771723598834,
    3.7094219617463113,
    3.7037172203450455,
    3.7161543673106316,
    3.756112236854102,
    3.6644658143868494,
    3.6764602739825385,
    3.654675097014278,
    3.6424962180328686,
    3.5980819530718158,
    3.6577776771311923,
    3.6331559389499675,
    3.668768849979494,
    3.6353338751385498,
    3.658824823882352,
    3.568183600790495,
    3.633759431010227,
    3.6220779374120426,
    3.5627716681343142,
    3.4982205962796087,
    3.4528491113039954,
    3.4768051611547905,
    3.45220649259833,
    3.5371725907374554,
    3.424523667400656,
    3.4346923862490746,
    3.4283428615484803,
    3.532255027148229,
    3.4440727355910017,
    3.4441424147281365,
    3.308462330785504,
    3.4557228847413612,
    3.452558300702836,
    3.334464654808929,
    3.3606599886830275,
    3.3863542428563527,
    3.35788779249265,
    3.4643676836803907,
    3.45488589378247,
    3.4284021249762753,
    3.3435238405536056,
    3.5573986537376325,
    3.483569972147044,
    3.437724173728922,
    3.3727920435155787,
    3.3591077124024076,
    3.680116920175347,
    3.5674994233657156,
    3.6119338752881256,
    3.397820578777942,
    3.3557807241722317,
    3.501331455926196,
    3.563497972408715,
    3.4425972841317405,
    3.668092919212805,
    3.794210360447151,
    3.3319816932514863,
    3.530569765645974,
    3.4555725971641884,
    3.5062360512530453,
    3.369125347832735,
    3.5582605898691564,
    3.574999831926606,
    3.7848293851008115,
    3.6236705457788183,
    3.650727887006201,
    3.881303672180909,
    3.5398832967492018,
    3.6509720877712546,
    3.5348820990402463,
    3.784964682477139,
    3.6625336528397163,
    3.710237875745768,
    3.9750958405931582,
    3.4685810306312796,
    3.6081668448791837,
    3.897584343270317,
    3.512018188992945,
    3.6916652181239673,
    3.621008736095624,
    3.530176272192055
  ],