{
    "train_loss": [
        4.6666990656446465,
        4.620310862821264,
        4.595653404796878,
        4.585575213607069,
        4.575606153670633,
        4.566592308182424,
        4.558594959001209,
        4.553015944731911,
        4.549766014440465,
        4.546554438560591,
        4.568378363831278,
        4.56711000309054,
        4.559009159819845,
        4.556862995659721,
        4.553141341102742,
        4.54497466343803,
        4.544085098640627,
        4.538492540244203,
        4.533243563105979,
        4.527862026826476,
        4.524645142870708,
        4.517295497193444,
        4.502735452956101,
        4.504255427342832,
        4.497749520392148,
        4.492339793527087,
        4.488908595212694,
        4.4787353048547,
        4.480872535070086,
        4.4766264617698415,
        4.5141965930998635,
        4.497557558598035,
        4.505882562313234
    ],
    "train_acc": [
        0.010560447405997144,
        0.009311042360780581,
        0.010560447405997144,
        0.010679438362684436,
        0.012732032365540219,
        0.011780104712041885,
        0.013297239409804856,
        0.016272013326987148,
        0.021001903855306998,
        0.01972275107091861,
        0.012880771061399334,
        0.01204783436458829,
        0.013505473584007615,
        0.015349833412660639,
        0.01424916706330319,
        0.009965492622560685,
        0.01264278914802475,
        0.010590195145168967,
        0.013594716801523084,
        0.009935744883388862,
        0.010590195145168967,
        0.010084483579247978,
        0.010828177058543552,
        0.010024988100904332,
        0.01032246549262256,
        0.011095906711089957,
        0.01213707758210376,
        0.011006663493574488,
        0.011452879581151832,
        0.01163136601618277,
        0.009965492622560685,
        0.010441456449309853,
        0.011006663493574488
    ],
    "val_loss": [
        4.548649643267872,
        4.525294563878372,
        4.541515849392176,
        4.525323422537334,
        4.531151267215656,
        4.501584112009176,
        4.5104086100743865,
        4.504530616311607,
        4.5111550429132805,
        4.510198904523178,
        4.525613708886568,
        4.511353068294968,
        4.48000104825283,
        4.540586964232901,
        4.524157328473169,
        4.514645356038231,
        4.531720033836485,
        4.511954947954333,
        4.547275019957074,
        4.5487887785134395,
        4.540677094225448,
        4.537922746830851,
        4.536236151589066,
        4.537918405789833,
        4.541415732016961,
        4.541930192692782,
        4.538941915184166,
        4.538525351258791,
        4.538213317369852,
        4.546610877836127,
        4.54251784403737,
        4.557639565775632,
        4.555678660072213
    ],
    "val_acc": [
        0.006266973052015876,
        0.0025067892208063504,
        0.0033423856277418006,
        0.013473992061834134,
        0.004804679339878839,
        0.03718404010862753,
        0.039795278880300815,
        0.04616670148318362,
        0.025276791309797368,
        0.04000417798203468,
        0.007833716315019846,
        0.04355546271151034,
        0.04167537079590558,
        0.024127846250261122,
        0.01712972634217673,
        0.030081470649676208,
        0.012533946104031753,
        0.015040735324838104,
        0.004700229789011907,
        0.002611238771673282,
        0.004073532483810319,
        0.005013578441612701,
        0.004804679339878839,
        0.003864633382076457,
        0.003551284729475663,
        0.0030290369751410067,
        0.0032379360768748696,
        0.0032379360768748696,
        0.0025067892208063504,
        0.002611238771673282,
        0.0025067892208063504,
        0.002611238771673282,
        0.0029245874242740757
    ],
    "val_f1": [
        0.00012455885405854267,
        0.00014169317825451518,
        0.0002752832992500622,
        0.0004052487048260766,
        0.0002545428204005279,
        0.0021852745712548816,
        0.0028072055024391408,
        0.00269349108025847,
        0.0015873667829558718,
        0.002046939748590335,
        0.0006424967253627911,
        0.0008347512761485337,
        0.0018585907812389917,
        0.00047118816930137683,
        0.000749249354493089,
        0.0008860303098904274,
        0.0008493454338370887,
        0.0008688230081953238,
        0.0007765972923025863,
        0.00027994618143490247,
        0.0006172353040620237,
        0.0010743515672271093,
        0.0004552770527590572,
        0.000685052215145593,
        0.0001527043491516407,
        0.0003721244758399047,
        0.0003743120490238286,
        0.00043620536833162567,
        0.00032444496029188156,
        0.00043157690037585246,
        0.0006502632197477677,
        0.00022419295682442382,
        0.0005281993319752709
    ],
    "learning_rate": [
        0.0005,
        0.0004867695680214551,
        0.00045064335057444055,
        0.00039510531572332675,
        0.0003256276654538587,
        0.00024897694868120915,
        0.0001726971833992432,
        0.00010420059299658059,
        5.022971054746962e-05,
        1.6053272061201896e-05,
        0.0004999937888139908,
        0.0004966714540426739,
        0.0004873386008573282,
        0.0004722279459458324,
        0.0004516890320426431,
        0.00042626081346393714,
        0.0003965532429658631,
        0.000363290034265339,
        0.00032731152990746166,
        0.0002894704688553861,
        0.0002507315729232863,
        0.00021203991460862903,
        8.717119018915007e-05,
        0.0001385688718223718,
        0.0001055995772540173,
        7.624708468106221e-05,
        5.123550169224514e-05,
        3.118037905624706e-05,
        1.6574252806962146e-05,
        7.777347076247307e-06,
        0.0004999984220251315,
        0.00024958309521088236,
        0.0004968127066860306
    ]
}