{
    "train_loss": [
        4.67362631063837,
        4.624053938224544,
        4.599560442473595,
        4.590073477409006,
        4.58262950432353,
        4.571124013684895,
        4.565543976678999,
        4.559073117238119,
        4.551258425364732,
        4.549826126048696,
        4.56238758219263,
        4.572723717685542,
        4.564899079135439,
        4.559952961296236,
        4.554396415287351,
        4.545092877441682,
        4.541231148245504,
        4.5324632685397,
        4.526446893188792,
        4.515205351636479,
        4.5092339477098715,
        4.5003357889197435,
        4.492741883432356,
        4.48841117623731,
        4.476974594951967,
        4.4747182510019154,
        4.47204843509996,
        4.4653231480512305,
        4.459447087155458,
        4.465315481544775,
        4.500083946095015,
        4.495936638653796,
        4.491570735508298,
        4.46933841132187,
        4.476491858246184
    ],
    "train_acc": [
        0.010918719504938713,
        0.012703796263239319,
        0.010531952873973582,
        0.010829465667023683,
        0.011900511722004046,
        0.01517315244555516,
        0.016928477924550756,
        0.017791265024396048,
        0.021658931334047365,
        0.02064738783767702,
        0.014667380697369987,
        0.0155896703558253,
        0.012614542425324289,
        0.011156729739378793,
        0.011900511722004046,
        0.013745091038914673,
        0.016333452338450554,
        0.010680709270498632,
        0.011364988694513864,
        0.012168273235749138,
        0.01011543496370344,
        0.011811257884089016,
        0.009669165774128288,
        0.009698917053433297,
        0.010799714387718672,
        0.010621206711888612,
        0.011573247649648935,
        0.011037724622158752,
        0.011364988694513864,
        0.011007973342853743,
        0.01020468880161847,
        0.01044269903605855,
        0.01044269903605855,
        0.011573247649648935,
        0.011722004046173986
    ],
    "val_loss": [
        4.509838904306381,
        4.565047860133117,
        4.545706355458428,
        4.523077298216868,
        4.529431180048422,
        4.535636842032902,
        4.514037627829139,
        4.523562469440581,
        4.522412144501456,
        4.52151355536196,
        4.5112738025533385,
        4.556921484427281,
        4.555159915667846,
        4.505278199465935,
        4.504755678588316,
        4.5246550834852615,
        4.5276448665636035,
        4.537935056569845,
        4.522328443167589,
        4.556620237110775,
        4.544122237665058,
        4.574870790618846,
        4.5349773454103275,
        4.556588451204586,
        4.551430578679111,
        4.566255582508393,
        4.566992198836899,
        4.563886897785342,
        4.571801483674719,
        4.561963881667251,
        4.564289975612126,
        4.5497686437313725,
        4.541828430273012,
        4.568003062530457,
        4.547663484685139
    ],
    "val_acc": [
        0.006894390473205891,
        0.0035516556983181866,
        0.003029353389741983,
        0.011699571712106968,
        0.0036561161600334275,
        0.006789930011490651,
        0.045858142692990704,
        0.03206936174657892,
        0.022145617883631046,
        0.027473101431108326,
        0.03060691528256555,
        0.0024025906194505378,
        0.0025070510811657787,
        0.023085762039068213,
        0.056304188864514784,
        0.009296981092656429,
        0.02047425049618719,
        0.01995194818761099,
        0.009192520630941189,
        0.0021936696960200563,
        0.009192520630941189,
        0.0027159720045962605,
        0.004282878930324872,
        0.0022981301577352973,
        0.002820432466311501,
        0.0031338138514572234,
        0.003342734774887705,
        0.002820432466311501,
        0.003342734774887705,
        0.002924892928026742,
        0.00396949754517915,
        0.009296981092656429,
        0.003342734774887705,
        0.003760576621748668,
        0.00396949754517915
    ],
    "val_f1": [
        0.00013694366635543106,
        7.426012886316479e-05,
        0.00011927189455616423,
        0.0013723237739334544,
        0.00029342629090507044,
        0.0005007247919390972,
        0.0024880792975892707,
        0.0021111216678600326,
        0.0015928524973152312,
        0.0018031471965588674,
        0.0015207849946097035,
        8.103149507508742e-05,
        0.00020329986157407437,
        0.002069384356860697,
        0.0028007947542279506,
        0.0012936886079637855,
        0.001541271933774039,
        0.001339961116999046,
        0.0005541002963035801,
        0.00016971243412711116,
        0.0008733508953682518,
        0.00023894855110467877,
        0.0007597988098534313,
        0.0002401228289278827,
        0.0006738813515940927,
        0.0004537269014181456,
        0.0007704419500327998,
        0.00036568815118207416,
        0.0004744606464588904,
        0.0004022749128242196,
        0.0006833815942605035,
        0.0015982076095460436,
        0.0005975555716936183,
        0.000572496856140496,
        0.0008605272917600104
    ],
    "learning_rate": [
        0.0005,
        0.0004867793006641612,
        0.00045062482695724086,
        0.00039510265263214937,
        0.0003256293339395115,
        0.00024897828598952467,
        0.00017267212048029557,
        0.00010419833391550987,
        5.022118308487011e-05,
        1.6050685660322438e-05,
        0.0002499968788056309,
        0.0004966723652169369,
        0.00048733300653641985,
        0.00047221449607984174,
        0.0004516971793028069,
        0.00042626618473064865,
        0.00039655007851449305,
        0.00036329145097897017,
        0.00032730190197043243,
        0.0002894800585473419,
        0.0002507285283486074,
        0.00021203859325160496,
        0.00017432875117141073,
        0.00013856930627694308,
        5.2796867857253036e-05,
        7.624435129727058e-05,
        5.122999786079352e-05,
        3.1175497830705376e-05,
        1.657127305787605e-05,
        7.775396664915037e-06,
        0.0004999984113501329,
        0.0004991658432807688,
        0.0004968129514334365,
        0.00024647696156458043,
        0.0004876105799629805
    ]
}