{
  "train_loss": [
    4.263961834164934,
    4.144708785985209,
    4.121769751308044,
    4.0997785706969045,
    4.086282586547815,
    4.0799294188957775,
    4.07432661806209,
    4.072127276674084,
    4.0682096543312785,
    4.06111548032396,
    4.045840713776737,
    4.015317915252999,
    3.9991344448783543,
    3.9831606891455618,
    3.972744800497268,
    3.9612425167220486,
    3.954916710522351,
    3.9502558059641317,
    3.9405654602527407,
    3.9360495744069985,
    3.9281291916560828,
    3.924019106204322,
    3.9170657052572473,
    3.915143483667063,
    3.907762053628842,
    3.9027946547846275,
    3.8962075777889345,
    3.8926700148468267,
    3.88830718219626,
    3.8815697131652698,
    3.8838516876099276,
    3.8770191753511716,
    3.874507303832277,
    3.8673509293362867,
    3.8635433965791073,
    3.859139004616125,
    3.852578420552508,
    3.8483501328220506,
    3.8440619595930654,
    3.8403549695784505,
    3.835333653963093,
    3.831085424580674,
    3.823897965990254,
    3.820236138823698
  ],
  "train_acc": [
    0.07395507957756954,
    0.08534880261787893,
    0.09177450542912391,
    0.09442213297634984,
    0.09442213297634984,
    0.09888442659526997,
    0.0963855421686747,
    0.0975159898854678,
    0.09811096236799048,
    0.10081808716346868,
    0.10328722296593783,
    0.1108433734939759,
    0.11474044325449947,
    0.11926223412167188,
    0.11765580841886063,
    0.12000594972482523,
    0.12405176260597947,
    0.12298081213743864,
    0.1254796965640339,
    0.12327829837869998,
    0.1277405919976201,
    0.12970400118994496,
    0.13101294065149488,
    0.1284248103525212,
    0.13080470028261193,
    0.13128067826863007,
    0.13279785809906292,
    0.13833110218652386,
    0.13279785809906292,
    0.14142495909564182,
    0.1377658783281273,
    0.13952104715156924,
    0.14091923248549754,
    0.1427041499330656,
    0.14347761416034507,
    0.1455897664733006,
    0.14746392979324707,
    0.14713669492785958,
    0.1503792949576082,
    0.15380038673211363,
    0.1508850215677525,
    0.15374088948386136,
    0.15469284545589768,
    0.15502008032128514
  ],
  "val_loss": [
    4.093469264538671,
    4.104363709918537,
    4.058613566284467,
    4.074094478287626,
    4.055645181959896,
    4.053140647032327,
    4.0505640692518625,
    4.042492498653229,
    4.0352008364159255,
    4.026719012438741,
    3.998597640146511,
    3.965339974020278,
    3.9566473264596596,
    3.9355816265374752,
    3.9193756056897744,
    3.9147244390276894,
    3.9021905205158642,
    3.902551523797916,
    3.896251430634992,
    3.8845329477913024,
    3.883672699490992,
    3.8643951987781926,
    3.8716421463007915,
    3.8551134580058743,
    3.870935855839181,
    3.8482212182597424,
    3.8428903808418435,
    3.864466722260095,
    3.8536298035429795,
    3.860464921046429,
    3.8482114561968266,
    3.8190225914372813,
    3.8345688710711756,
    3.851353104836213,
    3.866358606307821,
    3.826559455454013,
    3.8756151460321258,
    3.798069803107624,
    3.808458533744262,
    3.817560862468881,
    3.8191923871527442,
    3.824812511175541,
    3.7877630267034674,
    3.7814029813534984
  ],
  "val_acc": [
    0.08314184249007729,
    0.09243785251723417,
    0.09504909128890746,
    0.09442239398370587,
    0.09494464173804053,
    0.09682473365364529,
    0.09849592646751619,
    0.0998537706287863,
    0.09933152287445164,
    0.1028828076039273,
    0.11332776269062043,
    0.11896803843743473,
    0.11865468978483393,
    0.12053478170043869,
    0.12408606642991435,
    0.12544391059118445,
    0.12544391059118445,
    0.12533946104031754,
    0.12784625026112387,
    0.13129308543973262,
    0.13097973678713182,
    0.13599331522874453,
    0.13421767286400668,
    0.1375600584917485,
    0.13254648005013578,
    0.13912680175475245,
    0.1405890954668895,
    0.13432212241487362,
    0.1375600584917485,
    0.13682891163567998,
    0.13588886567787758,
    0.15186964696051808,
    0.1399623981616879,
    0.14278253603509505,
    0.14006684771255484,
    0.14852726133277627,
    0.1349488197200752,
    0.15437643618132443,
    0.15082515145184874,
    0.14602047211196992,
    0.15092960100271569,
    0.14988510549404638,
    0.15750992270733236,
    0.16221015249634427
  ],
  "val_f1": [
    0.02080111143145942,
    0.03479916859891805,
    0.030974457130876074,
    0.03530991276614551,
    0.029803506234736953,
    0.03854538676382509,
    0.03197882064889229,
    0.03804681615239459,
    0.03752615063317256,
    0.04530351552821327,
    0.053383556568601186,
    0.05970717410561146,
    0.06151457433319188,
    0.06891742360494241,
    0.06550603234159395,
    0.07163588771592831,
    0.07422325426517984,
    0.0684482140760878,
    0.07544407790277365,
    0.07436230608363865,
    0.07405964083902412,
    0.08201869695116773,
    0.08456195032223739,
    0.08101893705035995,
    0.08152459163036893,
    0.09079698966331035,
    0.08888713770944395,
    0.08072870255488554,
    0.08042550262932653,
    0.09050121504866195,
    0.07842159672949278,
    0.09735349357687896,
    0.0914096221537484,
    0.08724526804636419,
    0.08360300530996564,
    0.09506433446567383,
    0.0844289910578001,
    0.10341241539177763,
    0.09605092772435488,
    0.09252223326121976,
    0.0956679944411867,
    0.09727080221242444,
    0.10500084137606991,
    0.10867684595551123
  ]
}