{
  "train_loss": [
    4.101816592187412,
    3.983822299674138,
    3.9313605602025525,
    3.9040114599378555,
    3.8842672390294504,
    3.8737257100102025,
    3.857787292854392,
    3.8481758449043206,
    3.8393158453624023,
    3.8355197202196507,
    3.8281955060656716,
    3.822932724368975,
    3.817948680645331,
    3.813069346262092,
    3.811851729790618,
    3.801433648003472,
    3.8022994924616498,
    3.7913261590747984,
    3.7831933377949802,
    3.7780477329465794,
    3.7733550446206894,
    3.7675556458622577,
    3.759755483525469,
    3.7567360215326797,
    3.74629912574288,
    3.7428725157219547,
    3.7349334089454223,
    3.738218212340464,
    3.729300179077936,
    3.7233334491672427,
    3.7211632419621927,
    3.717441368698808,
    3.71854275691089,
    3.7149457851584673,
    3.7093460933839073,
    3.7069887971232625,
    3.7072036278809923,
    3.6967155823657225,
    3.698593008066064,
    3.7014194329934305,
    3.689587128809586,
    3.6900604319114976,
    3.6895547103229314,
    3.6872118735267314,
    3.683385621339956,
    3.680041221165859,
    3.673215261740502
  ],
  "train_acc": [
    0.08763944667559126,
    0.10426892756210025,
    0.11117060835936338,
    0.11384798453071546,
    0.11420496802022906,
    0.11845902127026625,
    0.12193961029302394,
    0.12185036442064555,
    0.12604492042243046,
    0.12375427636471813,
    0.125717685557043,
    0.12699687639446675,
    0.1286925479696564,
    0.12872229659378254,
    0.12750260300461103,
    0.13196489662353117,
    0.13232188011304477,
    0.13422579205711735,
    0.13842034805890227,
    0.13612970400118996,
    0.13990777926520898,
    0.13889632604492042,
    0.14353711140859735,
    0.14163319946452477,
    0.1479994050275175,
    0.14963557935445485,
    0.1534136546184739,
    0.15040904358173435,
    0.1568347463929793,
    0.15680499776885318,
    0.15466309683177154,
    0.15540681243492488,
    0.15579354454856462,
    0.1598393574297189,
    0.15945262531607912,
    0.16046407853636768,
    0.1614457831325301,
    0.16165402350141306,
    0.16337944370072885,
    0.1637661758143686,
    0.16215975011155734,
    0.16584857950319798,
    0.16260597947344935,
    0.1641231593038822,
    0.1674252565818831,
    0.16915067678119888,
    0.16799048044027964
  ],
  "val_loss": [
    4.157303426319008,
    4.016538644100944,
    4.015874004025337,
    3.9028411914143306,
    3.895241610063051,
    3.887404660180488,
    3.8641160628679576,
    3.8689640751705805,
    3.841434114781705,
    3.840520369874577,
    3.828001726238967,
    3.816940098085756,
    3.8575556331520566,
    3.886826840526803,
    3.8298939445807187,
    3.8074404631025587,
    3.7878037187334437,
    3.803788626395712,
    3.8902081720062505,
    3.816780718278855,
    3.852690308134367,
    4.001507012112444,
    3.8826577493585126,
    3.836065392965361,
    4.054411422142984,
    3.8641377564185793,
    3.845084264977182,
    3.796973741550099,
    3.8005172030423213,
    3.8275623211961265,
    3.837422970368764,
    3.8713150676865156,
    3.8092239109738175,
    3.8272151952998135,
    3.7913028597707212,
    3.788980104690657,
    3.805363834688702,
    3.7968304406782267,
    3.853568955455913,
    3.8238462683600174,
    3.7653319680767963,
    3.7626849640279865,
    3.788891763011772,
    3.762828045457147,
    3.890046320704645,
    3.7693654154595637,
    3.7673056643119254
  ],
  "val_acc": [
    0.08763317317735533,
    0.1085230833507416,
    0.10350950490912889,
    0.11510340505535827,
    0.11238771673281805,
    0.11646124921662837,
    0.11980363484437016,
    0.11969918529350324,
    0.12419051598078128,
    0.12387716732818049,
    0.12607060789638605,
    0.12408606642991435,
    0.11447670775015667,
    0.11238771673281805,
    0.12711510340505536,
    0.12774180071025695,
    0.1316064340923334,
    0.12742845205765616,
    0.1152078546062252,
    0.12711510340505536,
    0.12878629621892626,
    0.10006266973052017,
    0.1152078546062252,
    0.12951744307499477,
    0.08794652182995613,
    0.11667014831836223,
    0.12314602047211197,
    0.13881345310215165,
    0.12920409442239397,
    0.12283267181951117,
    0.12701065385418842,
    0.10716523918947149,
    0.1232504700229789,
    0.12439941508251515,
    0.13181533319406727,
    0.13850010444955085,
    0.13369542510967203,
    0.138291205347817,
    0.1262795069981199,
    0.13056193858366408,
    0.13766450804261543,
    0.1405890954668895,
    0.1372467098391477,
    0.13766450804261543,
    0.11322331313975349,
    0.13944015040735325,
    0.1412157927720911
  ],
  "val_f1": [
    0.040512889349272586,
    0.05050606118107756,
    0.0517066913517217,
    0.06330336517194929,
    0.05221560650742391,
    0.06094616675224124,
    0.06215337470303426,
    0.06761974795589672,
    0.06944690690082911,
    0.07009905559697303,
    0.0652691345441689,
    0.06539065183638894,
    0.06220604782615492,
    0.06790548130093081,
    0.07915052177601242,
    0.07579156097301575,
    0.07766744600505132,
    0.07302007156420012,
    0.07037708404957321,
    0.08052119880926516,
    0.07633393459557035,
    0.04623086400563631,
    0.07155469760466271,
    0.0819059218817214,
    0.05385886416989958,
    0.07707933850283548,
    0.08298064211617652,
    0.09039519951671973,
    0.08380491697055728,
    0.0778097264478113,
    0.08149678414417559,
    0.062439053964403,
    0.07345105294388665,
    0.08093202564122955,
    0.08953464661373793,
    0.09073561268900476,
    0.08423063963729077,
    0.09349554550597247,
    0.08247562423082472,
    0.0881346663641852,
    0.08795623210074353,
    0.09481536468719028,
    0.09259595998039893,
    0.08682062927006304,
    0.07070459204222962,
    0.0944792297759595,
    0.0930808417827177
  ]
}